[
  {
    "category_image_url": null,
    "count": 1,
    "id": 6,
    "image_url": "https://i.postimg.cc/vm4kmk6S/summer-desserts.jpg",
    "ingredient": "Cheese",
    "name": "Desserts",
    "price": "10.00"
  },
  {
    "category_image_url": null,
    "count": 1,
    "id": 7,
    "image_url": "https://i.postimg.cc/8knjxrmd/images-1.jpg",
    "ingredient": "Cheese",
    "name": "French Fries",
    "price": "10.00"
  },
  {
    "category_image_url": null,
    "count": 1,
    "id": 8,
    "image_url": "https://i.postimg.cc/8knjxrmd/images-1.jpg",
    "ingredient": "Cheese",
    "name": "French Fries",
    "price": "10.00"
  },
  {
    "category_image_url": null,
    "count": 1,
    "id": 5,
    "image_url": "https://i.postimg.cc/RFfY7td7/Strawberry-milk-shake-cropped.jpg",
    "ingredient": "Cheese",
    "name": "Shakes",
    "price": "10.00"
  },
  {
    "category_image_url": null,
    "count": 1,
    "id": 5,
    "image_url": "https://i.postimg.cc/RFfY7td7/Strawberry-milk-shake-cropped.jpg",
    "ingredient": "Cheese",
    "name": "Shakes",
    "price": "10.00"
  },
  {
    "category_image_url": null,
    "count": 1,
    "id": 5,
    "image_url": "https://i.postimg.cc/RFfY7td7/Strawberry-milk-shake-cropped.jpg",
    "ingredient": "Cheese",
    "name": "Shakes",
    "price": "10.00"
  },
  {
    "category_image_url": null,
    "count": 1,
    "id": 9,
    "image_url": "https://i.postimg.cc/RFfY7td7/Strawberry-milk-shake-cropped.jpg",
    "ingredient": "Cheese",
    "name": "Shakes",
    "price": "10.00"
  }
]
